batter_name,batter_id,AVG_FF,AVG_FS,AVG_CU,AVG_FC,AVG_SI,AVG_SL,OBP_FF,OBP_FS,OBP_CU,OBP_FC,OBP_SI,OBP_SL,SLG_FF,SLG_FS,SLG_CU,SLG_FC,SLG_SI,SLG_SL
Martin Maldonado,455117,0.2,0.25,0.09090909090909091,0.2727272727272727,0.22857142857142856,0.1724137931034483,0.23809523809523808,0.25,0.09090909090909091,0.4666666666666667,0.25,0.2,0.3333333333333333,0.5,0.18181818181818182,0.5454545454545454,0.2857142857142857,0.27586206896551724
Andrew McCutchen,457705,0.18471337579617833,0.3076923076923077,0.23684210526315788,0.38461538461538464,0.24770642201834864,0.23076923076923078,0.26704545454545453,0.35714285714285715,0.2564102564102564,0.5,0.344,0.3548387096774194,0.3503184713375796,0.6923076923076923,0.3157894736842105,0.46153846153846156,0.3119266055045872,0.3717948717948718
Tommy Pham,502054,0.23931623931623933,0.2727272727272727,0.14285714285714285,0.2727272727272727,0.2708333333333333,0.23333333333333334,0.3877551020408163,0.3333333333333333,0.13793103448275862,0.3055555555555556,0.34579439252336447,0.32857142857142857,0.41025641025641024,0.7272727272727273,0.14285714285714285,0.48484848484848486,0.3541666666666667,0.4166666666666667
Paul Goldschmidt,502671,0.3087248322147651,0.25,0.2857142857142857,0.28,0.25252525252525254,0.26666666666666666,0.3719512195121951,0.3142857142857143,0.34782608695652173,0.35714285714285715,0.29245283018867924,0.3037974683544304,0.4899328859060403,0.3125,0.5238095238095238,0.36,0.4444444444444444,0.4266666666666667
Travis D'Arnaud,518595,0.1917808219178082,0.0,0.0,0.058823529411764705,0.25,0.2571428571428571,0.25925925925925924,0.0,0.18181818181818182,0.15789473684210525,0.2894736842105263,0.3333333333333333,0.3287671232876712,0.0,0.0,0.058823529411764705,0.3611111111111111,0.4857142857142857
DJ LeMahieu,518934,0.3611111111111111,0.5,0.14285714285714285,0.2727272727272727,0.09523809523809523,0.3,0.43902439024390244,0.5,0.14285714285714285,0.2727272727272727,0.2692307692307692,0.36363636363636365,0.4444444444444444,0.5,0.14285714285714285,0.2727272727272727,0.09523809523809523,0.4666666666666667
Wilmer Flores,527038,0.2662337662337662,0.0,0.19047619047619047,0.125,0.3225806451612903,0.18666666666666668,0.3313953488372093,0.07692307692307693,0.2608695652173913,0.3125,0.373134328358209,0.19736842105263158,0.45454545454545453,0.0,0.23809523809523808,0.25,0.45161290322580644,0.3333333333333333
Marcell Ozuna,542303,0.24793388429752067,0.14285714285714285,0.13793103448275862,0.2608695652173913,0.3425925925925926,0.18518518518518517,0.37748344370860926,0.14285714285714285,0.375,0.41379310344827586,0.45038167938931295,0.29896907216494845,0.39669421487603307,0.23809523809523808,0.4827586206896552,0.8260869565217391,0.48148148148148145,0.37037037037037035
Jon Berti,542932,0.25,0.0,0.2,0.2,0.14285714285714285,0.125,0.325,0.2,0.2,0.3333333333333333,0.18181818181818182,0.125,0.25,0.0,0.4,0.2,0.14285714285714285,0.125
Marcus Semien,543760,0.2289156626506024,0.0,0.23529411764705882,0.2558139534883721,0.2903225806451613,0.18823529411764706,0.3064516129032258,0.08333333333333333,0.3157894736842105,0.34615384615384615,0.39090909090909093,0.2653061224489796,0.41566265060240964,0.0,0.23529411764705882,0.3488372093023256,0.40860215053763443,0.32941176470588235
Christian Vazquez,543877,0.17105263157894737,0.2857142857142857,0.2,0.3333333333333333,0.22857142857142856,0.25,0.2727272727272727,0.2857142857142857,0.2,0.38461538461538464,0.3488372093023256,0.3,0.2236842105263158,0.42857142857142855,0.5,0.4166666666666667,0.34285714285714286,0.35714285714285715
Mike Trout,545361,0.23316062176165803,0.15384615384615385,0.23076923076923078,0.2857142857142857,0.275,0.21311475409836064,0.3877551020408163,0.3125,0.23076923076923078,0.36585365853658536,0.35555555555555557,0.2898550724637681,0.5077720207253886,0.15384615384615385,0.6923076923076923,0.4857142857142857,0.4625,0.26229508196721313
Bryce Harper,547180,0.25196850393700787,0.16666666666666666,0.265625,0.35714285714285715,0.2716049382716049,0.22580645161290322,0.38311688311688313,0.2857142857142857,0.30434782608695654,0.4375,0.3854166666666667,0.29411764705882354,0.5748031496062992,0.3333333333333333,0.34375,0.7857142857142857,0.35802469135802467,0.46236559139784944
Elias Diaz,553869,0.17647058823529413,0.4,0.1,0.1,0.2692307692307692,0.23214285714285715,0.32038834951456313,0.4,0.1,0.18181818181818182,0.2962962962962963,0.23214285714285715,0.3058823529411765,1.0,0.1,0.4,0.3269230769230769,0.35714285714285715
Eugenio Suarez,553993,0.22950819672131148,0.2222222222222222,0.10810810810810811,0.29545454545454547,0.27835051546391754,0.2184873949579832,0.319047619047619,0.3333333333333333,0.15,0.3404255319148936,0.36607142857142855,0.26717557251908397,0.5300546448087432,0.6666666666666666,0.16216216216216217,0.6818181818181818,0.4329896907216495,0.6386554621848739
Michael Taylor,572191,0.19047619047619047,0.3333333333333333,0.21052631578947367,0.25,0.21568627450980393,0.26666666666666666,0.23214285714285715,0.3333333333333333,0.2727272727272727,0.3181818181818182,0.3103448275862069,0.34,0.3523809523809524,0.7777777777777778,0.2631578947368421,0.3,0.35294117647058826,0.4666666666666667
Mike Yastrzemski,573262,0.1989795918367347,0.2692307692307692,0.22580645161290322,0.2571428571428571,0.23076923076923078,0.20689655172413793,0.3116883116883117,0.3448275862068966,0.2571428571428571,0.43478260869565216,0.375,0.265625,0.37755102040816324,0.46153846153846156,0.25806451612903225,0.3142857142857143,0.4230769230769231,0.3103448275862069
Willson Contreras,575929,0.2571428571428571,0.07692307692307693,0.2222222222222222,0.28,0.30303030303030304,0.2857142857142857,0.4044943820224719,0.23529411764705882,0.28205128205128205,0.41935483870967744,0.38392857142857145,0.330188679245283,0.5071428571428571,0.07692307692307693,0.5277777777777778,0.52,0.40404040404040403,0.3979591836734694
Jose Iglesias,578428,0.21904761904761905,0.0,0.13636363636363635,0.1111111111111111,0.22950819672131148,0.24074074074074073,0.2743362831858407,0.0,0.20833333333333334,0.25,0.3188405797101449,0.3114754098360656,0.34285714285714286,0.0,0.13636363636363635,0.1111111111111111,0.2459016393442623,0.3148148148148148
Nick Castellanos,592206,0.23178807947019867,0.38461538461538464,0.15555555555555556,0.25806451612903225,0.3218390804597701,0.20512820512820512,0.2822085889570552,0.4666666666666667,0.2549019607843137,0.2857142857142857,0.3655913978494624,0.25196850393700787,0.3576158940397351,0.46153846153846156,0.28888888888888886,0.3225806451612903,0.4942528735632184,0.3162393162393162
Aaron Judge,592450,0.33557046979865773,0.06666666666666667,0.18518518518518517,0.4375,0.47115384615384615,0.25471698113207547,0.41954022988505746,0.125,0.3333333333333333,0.5384615384615384,0.5378151260504201,0.34146341463414637,0.8389261744966443,0.16666666666666666,0.3333333333333333,1.0625,0.7403846153846154,0.4056603773584906
Manny Machado,592518,0.22699386503067484,0.0625,0.34375,0.25,0.3643410852713178,0.26495726495726496,0.33678756476683935,0.11764705882352941,0.38235294117647056,0.2894736842105263,0.4057971014492754,0.31496062992125984,0.4723926380368098,0.25,0.71875,0.3333333333333333,0.4883720930232558,0.41025641025641024
Joc Pederson,592626,0.15841584158415842,0.2727272727272727,0.11538461538461539,0.20833333333333334,0.25,0.14285714285714285,0.2796610169491525,0.3333333333333333,0.20689655172413793,0.2692307692307692,0.37777777777777777,0.2682926829268293,0.39603960396039606,0.2727272727272727,0.15384615384615385,0.3333333333333333,0.5555555555555556,0.17142857142857143
J.T. Realmuto,592663,0.2740740740740741,0.1875,0.1724137931034483,0.23255813953488372,0.27184466019417475,0.26595744680851063,0.36129032258064514,0.23529411764705882,0.22580645161290322,0.2978723404255319,0.3333333333333333,0.34285714285714286,0.37777777777777777,0.25,0.20689655172413793,0.3953488372093023,0.39805825242718446,0.3723404255319149
Christian Yelich,592885,0.29878048780487804,0.2608695652173913,0.1702127659574468,0.25862068965517243,0.2413793103448276,0.2631578947368421,0.39473684210526316,0.2916666666666667,0.1875,0.37681159420289856,0.34,0.3,0.4878048780487805,0.4782608695652174,0.425531914893617,0.43103448275862066,0.3793103448275862,0.4
Xander Bogaerts,593428,0.24848484848484848,0.2727272727272727,0.38461538461538464,0.34615384615384615,0.248,0.31746031746031744,0.324468085106383,0.3333333333333333,0.43333333333333335,0.37037037037037035,0.29411764705882354,0.3972602739726027,0.3393939393939394,0.5454545454545454,0.6153846153846154,0.5769230769230769,0.296,0.5396825396825397
Max Kepler,596146,0.2446043165467626,0.15384615384615385,0.21428571428571427,0.26666666666666666,0.23076923076923078,0.21794871794871795,0.3727810650887574,0.21428571428571427,0.23255813953488372,0.25806451612903225,0.2714285714285714,0.3111111111111111,0.5035971223021583,0.15384615384615385,0.38095238095238093,0.6,0.36923076923076925,0.46153846153846156
Orlando Arcia,606115,0.125,0.0,0.25,0.2,0.22,0.17647058823529413,0.2222222222222222,0.0,0.25,0.16666666666666666,0.2641509433962264,0.17647058823529413,0.21428571428571427,0.0,0.25,0.2,0.38,0.17647058823529413
Ketel Marte,606466,0.2926829268292683,0.24242424242424243,0.32432432432432434,0.40540540540540543,0.2708333333333333,0.20833333333333334,0.387434554973822,0.2647058823529412,0.4318181818181818,0.4888888888888889,0.3898305084745763,0.3132530120481928,0.49390243902439024,0.48484848484848486,0.5405405405405406,0.8648648648648649,0.3333333333333333,0.4166666666666667
Trea Turner,607208,0.325,0.2727272727272727,0.14285714285714285,0.3939393939393939,0.344,0.2708333333333333,0.3854748603351955,0.2727272727272727,0.19230769230769232,0.43243243243243246,0.4142857142857143,0.330188679245283,0.48125,0.45454545454545453,0.20408163265306123,0.48484848484848486,0.48,0.5625
Jose Ramirez,608070,0.3103448275862069,0.358974358974359,0.3,0.2727272727272727,0.27848101265822783,0.22784810126582278,0.3626943005181347,0.3902439024390244,0.35555555555555557,0.3387096774193548,0.3448275862068966,0.2823529411764706,0.5862068965517241,0.48717948717948717,0.45,0.45454545454545453,0.5822784810126582,0.43037974683544306
Corey Seager,608369,0.27,0.21428571428571427,0.125,0.2727272727272727,0.32142857142857145,0.2987012987012987,0.416,0.2413793103448276,0.21428571428571427,0.3684210526315789,0.43283582089552236,0.31645569620253167,0.52,0.32142857142857145,0.3333333333333333,0.42424242424242425,0.375,0.7142857142857143
Miguel Andujar,609280,0.3125,0.2857142857142857,0.25,0.28,0.32894736842105265,0.31746031746031744,0.38461538461538464,0.2857142857142857,0.2857142857142857,0.2962962962962963,0.37037037037037035,0.328125,0.475,0.42857142857142855,0.3,0.4,0.4473684210526316,0.5238095238095238
Dansby Swanson,621020,0.23756906077348067,0.16666666666666666,0.16279069767441862,0.43902439024390244,0.2803738317757009,0.23809523809523808,0.28061224489795916,0.23076923076923078,0.2,0.4772727272727273,0.35294117647058826,0.2982456140350877,0.4088397790055249,0.4166666666666667,0.20930232558139536,0.6829268292682927,0.4766355140186916,0.3904761904761905
Carlos Correa,621043,0.3006535947712418,0.3125,0.23076923076923078,0.22727272727272727,0.2635135135135135,0.24444444444444444,0.37572254335260113,0.3125,0.2857142857142857,0.30612244897959184,0.32098765432098764,0.28421052631578947,0.47058823529411764,0.3125,0.2692307692307692,0.22727272727272727,0.3918918918918919,0.36666666666666664
Byron Buxton,621439,0.27439024390243905,0.29411764705882354,0.15384615384615385,0.23214285714285715,0.31521739130434784,0.25396825396825395,0.3314917127071823,0.4,0.25,0.2542372881355932,0.3942307692307692,0.3188405797101449,0.5670731707317073,0.5882352941176471,0.5384615384615384,0.5892857142857143,0.5434782608695652,0.5873015873015873
Taylor Ward,621493,0.25146198830409355,0.21739130434782608,0.25925925925925924,0.21818181818181817,0.24752475247524752,0.19626168224299065,0.3613861386138614,0.28,0.3103448275862069,0.26666666666666666,0.3790322580645161,0.275,0.5555555555555556,0.391304347826087,0.6666666666666666,0.2545454545454545,0.48514851485148514,0.48598130841121495
Matt Olson,621566,0.26344086021505375,0.2777777777777778,0.20967741935483872,0.36,0.3333333333333333,0.21978021978021978,0.3893805309734513,0.4090909090909091,0.29577464788732394,0.39622641509433965,0.432,0.26804123711340205,0.4946236559139785,0.4444444444444444,0.4838709677419355,0.58,0.5333333333333333,0.38461538461538464
Adam Frazier,624428,0.2764227642276423,0.13636363636363635,0.25,0.26666666666666666,0.2982456140350877,0.2328767123287671,0.35664335664335667,0.13636363636363635,0.27586206896551724,0.2765957446808511,0.375,0.2692307692307692,0.37398373983739835,0.13636363636363635,0.2857142857142857,0.4666666666666667,0.45614035087719296,0.2876712328767123
Jake Cronenworth,630105,0.2848101265822785,0.2727272727272727,0.23684210526315788,0.2916666666666667,0.24675324675324675,0.15873015873015872,0.4549763033175355,0.32,0.23684210526315788,0.41379310344827586,0.3894736842105263,0.2361111111111111,0.4240506329113924,0.3181818181818182,0.3157894736842105,0.3333333333333333,0.3116883116883117,0.3333333333333333
Jonah Heim,641680,0.21212121212121213,0.2631578947368421,0.26666666666666666,0.3333333333333333,0.225,0.13793103448275862,0.2722222222222222,0.36363636363636365,0.26666666666666666,0.42857142857142855,0.3469387755102041,0.19047619047619047,0.2787878787878788,0.47368421052631576,0.26666666666666666,0.3333333333333333,0.425,0.27586206896551724
Ryan McMahon,641857,0.25862068965517243,0.14285714285714285,0.16363636363636364,0.28888888888888886,0.2112676056338028,0.1506849315068493,0.3761904761904762,0.1724137931034483,0.23333333333333334,0.43859649122807015,0.3,0.25,0.46551724137931033,0.2857142857142857,0.32727272727272727,0.3333333333333333,0.29577464788732394,0.3424657534246575
Dominic Smith,642086,0.32,0.4,0.3103448275862069,0.3333333333333333,0.2727272727272727,0.26666666666666666,0.35,0.36363636363636365,0.3548387096774194,0.3125,0.3684210526315789,0.28125,0.4666666666666667,0.5,0.3793103448275862,0.4666666666666667,0.36363636363636365,0.43333333333333335
Eli White,642201,0.36363636363636365,0.125,0.21052631578947367,0.17647058823529413,0.25806451612903225,0.21052631578947367,0.4084507042253521,0.125,0.21052631578947367,0.2222222222222222,0.2923076923076923,0.22413793103448276,0.6515151515151515,0.125,0.2631578947368421,0.35294117647058826,0.3709677419354839,0.3684210526315789
Willy Adames,642715,0.25806451612903225,0.25,0.07692307692307693,0.22580645161290322,0.26,0.2,0.32793522267206476,0.29411764705882354,0.22580645161290322,0.3055555555555556,0.4,0.27927927927927926,0.5576036866359447,0.3125,0.19230769230769232,0.25806451612903225,0.43,0.39
Thairo Estrada,642731,0.3404255319148936,0.3333333333333333,0.14285714285714285,0.2222222222222222,0.2553191489361702,0.20588235294117646,0.37037037037037035,0.3333333333333333,0.25,0.2222222222222222,0.3,0.24324324324324326,0.5106382978723404,0.3333333333333333,0.14285714285714285,0.5555555555555556,0.3829787234042553,0.23529411764705882
Andrew Benintendi,643217,0.21641791044776118,0.15,0.2,0.3793103448275862,0.27692307692307694,0.1724137931034483,0.28859060402684567,0.21739130434782608,0.19047619047619047,0.45714285714285713,0.3717948717948718,0.22580645161290322,0.44776119402985076,0.15,0.4,0.6206896551724138,0.5076923076923077,0.3103448275862069
Isiah Kiner-Falefa,643396,0.3300970873786408,0.3,0.14285714285714285,0.2413793103448276,0.25925925925925924,0.2604166666666667,0.38596491228070173,0.3,0.25,0.26666666666666666,0.3162393162393162,0.2604166666666667,0.46601941747572817,0.3,0.14285714285714285,0.27586206896551724,0.28703703703703703,0.3229166666666667
Mike Tauchman,643565,0.2743362831858407,0.35294117647058826,0.19230769230769232,0.23076923076923078,0.26785714285714285,0.2641509433962264,0.40145985401459855,0.3888888888888889,0.25,0.3333333333333333,0.38235294117647056,0.3275862068965517,0.37168141592920356,0.47058823529411764,0.3076923076923077,0.38461538461538464,0.42857142857142855,0.5660377358490566
Ozzie Albies,645277,0.24022346368715083,0.23529411764705882,0.11764705882352941,0.358974358974359,0.25555555555555554,0.2830188679245283,0.31683168316831684,0.2571428571428571,0.16666666666666666,0.46808510638297873,0.3523809523809524,0.3333333333333333,0.44692737430167595,0.3235294117647059,0.20588235294117646,0.48717948717948717,0.35555555555555557,0.49056603773584906
Rafael Devers,646240,0.25229357798165136,0.3333333333333333,0.47368421052631576,0.275,0.21,0.25,0.3716475095785441,0.3888888888888889,0.5454545454545454,0.40816326530612246,0.34959349593495936,0.35802469135802467,0.5045871559633027,0.696969696969697,0.868421052631579,0.625,0.36,0.5147058823529411
Josh Naylor,647304,0.325,0.20833333333333334,0.3157894736842105,0.32558139534883723,0.34408602150537637,0.23157894736842105,0.4010989010989011,0.2692307692307692,0.37209302325581395,0.3409090909090909,0.40384615384615385,0.28846153846153844,0.50625,0.375,0.5526315789473685,0.5116279069767442,0.4731182795698925,0.3894736842105263
Luis Urias,649966,0.2857142857142857,0.16666666666666666,0.4,0.24,0.2,0.2708333333333333,0.35,0.16666666666666666,0.4,0.32142857142857145,0.3157894736842105,0.38596491228070173,0.42857142857142855,0.3333333333333333,0.5,0.36,0.25,0.4166666666666667
Luis Arraez,650333,0.3055555555555556,0.17647058823529413,0.47058823529411764,0.2978723404255319,0.1746031746031746,0.2727272727272727,0.34558823529411764,0.2631578947368421,0.4807692307692308,0.34,0.21052631578947367,0.3010752688172043,0.44841269841269843,0.29411764705882354,0.5294117647058824,0.48936170212765956,0.1984126984126984,0.3977272727272727
Gleyber Torres,650402,0.27058823529411763,0.3125,0.08333333333333333,0.37735849056603776,0.27927927927927926,0.1836734693877551,0.410958904109589,0.3125,0.23333333333333334,0.49230769230769234,0.375,0.23809523809523808,0.4411764705882353,0.375,0.125,0.5094339622641509,0.5225225225225225,0.2653061224489796
Willi Castro,650489,0.1780821917808219,0.23076923076923078,0.2619047619047619,0.5,0.1875,0.21666666666666667,0.329608938547486,0.25925925925925924,0.3111111111111111,0.5862068965517241,0.2777777777777778,0.25396825396825395,0.3424657534246575,0.34615384615384615,0.3333333333333333,0.75,0.3958333333333333,0.2833333333333333
Yandy Diaz,650490,0.34710743801652894,0.3333333333333333,0.2777777777777778,0.18333333333333332,0.30303030303030304,0.3,0.4375,0.3684210526315789,0.3333333333333333,0.27941176470588236,0.37748344370860926,0.36363636363636365,0.6776859504132231,0.5,0.3055555555555556,0.21666666666666667,0.45454545454545453,0.4875
Luis Rengifo,650859,0.25,0.2608695652173913,0.20930232558139536,0.24074074074074073,0.3695652173913043,0.17647058823529413,0.32044198895027626,0.2916666666666667,0.24444444444444444,0.29310344827586204,0.40816326530612246,0.2391304347826087,0.38125,0.34782608695652173,0.2558139534883721,0.25925925925925924,0.41304347826086957,0.27058823529411763
Andruw Monasterio,655316,0.23255813953488372,0.0,0.4166666666666667,0.06666666666666667,0.25,0.28,0.3125,0.0,0.46153846153846156,0.125,0.34782608695652173,0.3076923076923077,0.3488372093023256,0.0,0.75,0.06666666666666667,0.25,0.6
Matt Chapman,656305,0.2446043165467626,0.2,0.16666666666666666,0.14814814814814814,0.27472527472527475,0.24691358024691357,0.3850574712643678,0.3333333333333333,0.2857142857142857,0.25806451612903225,0.37962962962962965,0.32608695652173914,0.48201438848920863,0.4,0.3888888888888889,0.25925925925925924,0.37362637362637363,0.5432098765432098
Sam Hilliard,656541,0.038461538461538464,0.3333333333333333,0.0,0.2,0.09090909090909091,0.26666666666666666,0.16666666666666666,0.3333333333333333,0.0,0.3333333333333333,0.2857142857142857,0.3888888888888889,0.15384615384615385,0.3333333333333333,0.0,0.4,0.36363636363636365,0.3333333333333333
Alex Jackson,656577,0.24242424242424243,0.0,0.5,0.14285714285714285,0.2222222222222222,0.08333333333333333,0.358974358974359,0.3333333333333333,0.6,0.14285714285714285,0.2631578947368421,0.08333333333333333,0.6666666666666666,0.0,0.75,0.2857142857142857,0.3333333333333333,0.08333333333333333
Zach McKinstry,656716,0.26666666666666666,0.16,0.10344827586206896,0.2222222222222222,0.26582278481012656,0.22727272727272727,0.34759358288770054,0.19230769230769232,0.13333333333333333,0.34375,0.3655913978494624,0.29333333333333333,0.44242424242424244,0.32,0.2413793103448276,0.37037037037037035,0.4050632911392405,0.30303030303030304
Ryan O'Hearn,656811,0.275,0.36,0.23333333333333334,0.22580645161290322,0.36619718309859156,0.2608695652173913,0.35714285714285715,0.4074074074074074,0.35135135135135137,0.2857142857142857,0.4827586206896552,0.35,0.4875,0.6,0.3333333333333333,0.2903225806451613,0.4507042253521127,0.391304347826087
Emmanuel Rivera,656896,0.26666666666666666,0.5,,0.36363636363636365,0.28125,0.2,0.3125,0.5,,0.36363636363636365,0.3235294117647059,0.23076923076923078,0.28888888888888886,0.5,,0.45454545454545453,0.40625,0.24
Kyle Schwarber,656941,0.2751322751322751,0.11538461538461539,0.17543859649122806,0.32558139534883723,0.32653061224489793,0.17307692307692307,0.38288288288288286,0.30303030303030304,0.2878787878787879,0.4528301886792453,0.4462809917355372,0.2892561983471074,0.7301587301587301,0.23076923076923078,0.45614035087719296,0.627906976744186,0.6530612244897959,0.3942307692307692
Pavin Smith,656976,0.34782608695652173,0.26666666666666666,0.20833333333333334,0.2857142857142857,0.3333333333333333,0.1935483870967742,0.44642857142857145,0.26666666666666666,0.3448275862068966,0.3333333333333333,0.42857142857142855,0.2972972972972973,0.5869565217391305,0.4,0.25,0.5238095238095238,0.5416666666666666,0.25806451612903225
Lane Thomas,657041,0.1320754716981132,0.125,0.5,0.3333333333333333,0.2,0.32,0.2698412698412698,0.125,0.6363636363636364,0.4444444444444444,0.25,0.35714285714285715,0.18867924528301888,0.5,1.375,0.5,0.4,0.48
Alex Verdugo,657077,0.25,0.125,0.5,0.13333333333333333,0.3170731707317073,0.12,0.30434782608695654,0.2222222222222222,0.5,0.23529411764705882,0.391304347826087,0.15384615384615385,0.28125,0.125,0.8333333333333334,0.13333333333333333,0.4146341463414634,0.16
Ramon Laureano,657656,0.24031007751937986,0.1111111111111111,0.3225806451612903,0.12903225806451613,0.35294117647058826,0.3283582089552239,0.33557046979865773,0.2727272727272727,0.3225806451612903,0.17647058823529413,0.4105263157894737,0.3835616438356164,0.4496124031007752,0.2222222222222222,0.6774193548387096,0.16129032258064516,0.5647058823529412,0.5970149253731343
Gavin Sheets,657757,0.2546583850931677,0.29411764705882354,0.22,0.25,0.2916666666666667,0.2073170731707317,0.3202247191011236,0.29411764705882354,0.2909090909090909,0.3684210526315789,0.36585365853658536,0.24719101123595505,0.4720496894409938,0.5294117647058824,0.4,0.4375,0.4305555555555556,0.32926829268292684
Yoan Moncada,660162,0.30303030303030304,0.2,0.3333333333333333,0.2857142857142857,0.25806451612903225,0.10714285714285714,0.44047619047619047,0.1875,0.391304347826087,0.3548387096774194,0.3611111111111111,0.21875,0.5757575757575758,0.2,0.7142857142857143,0.4642857142857143,0.5161290322580645,0.14285714285714285
William Contreras,661388,0.25161290322580643,0.3076923076923077,0.23809523809523808,0.3409090909090909,0.3163265306122449,0.2288135593220339,0.3894736842105263,0.4,0.2727272727272727,0.3695652173913043,0.38596491228070173,0.32592592592592595,0.3935483870967742,0.5,0.5238095238095238,0.5,0.42857142857142855,0.3474576271186441
Lars Nootbaar,663457,0.2824858757062147,0.1,0.14814814814814814,0.1935483870967742,0.2571428571428571,0.18421052631578946,0.3933649289099526,0.18181818181818182,0.25806451612903225,0.34210526315789475,0.3445378151260504,0.2558139534883721,0.3898305084745763,0.1,0.2962962962962963,0.41935483870967744,0.3238095238095238,0.39473684210526316
Nico Hoerner,663538,0.35119047619047616,0.125,0.2894736842105263,0.2391304347826087,0.30612244897959184,0.23595505617977527,0.40641711229946526,0.125,0.3076923076923077,0.3137254901960784,0.36024844720496896,0.27835051546391754,0.42857142857142855,0.125,0.3157894736842105,0.41304347826086957,0.3673469387755102,0.3258426966292135
Austin Riley,663586,0.2440944881889764,0.2857142857142857,0.20833333333333334,0.3103448275862069,0.3548387096774194,0.17647058823529413,0.3142857142857143,0.3333333333333333,0.2962962962962963,0.3333333333333333,0.3880597014925373,0.2,0.3858267716535433,0.7857142857142857,0.20833333333333334,0.5862068965517241,0.6129032258064516,0.25
Ryan Mountcastle,663624,0.2717391304347826,0.23076923076923078,0.05555555555555555,0.2727272727272727,0.2807017543859649,0.25,0.32038834951456313,0.23076923076923078,0.05555555555555555,0.30434782608695654,0.29310344827586204,0.2698412698412698,0.41304347826086957,0.3076923076923077,0.05555555555555555,0.2727272727272727,0.45614035087719296,0.4166666666666667
Ke'Bryan Hayes,663647,0.19424460431654678,0.125,0.2727272727272727,0.2903225806451613,0.22058823529411764,0.26373626373626374,0.2679738562091503,0.3,0.2857142857142857,0.42105263157894735,0.2638888888888889,0.33663366336633666,0.302158273381295,0.25,0.3939393939393939,0.3225806451612903,0.2426470588235294,0.4065934065934066
Kyle Tucker,663656,0.25146198830409355,0.23529411764705882,0.325,0.20408163265306123,0.3333333333333333,0.23376623376623376,0.38164251207729466,0.2777777777777778,0.391304347826087,0.36065573770491804,0.40963855421686746,0.29411764705882354,0.4853801169590643,0.35294117647058826,0.55,0.32653061224489793,0.5138888888888888,0.38961038961038963
Trent Grisham,663757,0.2553191489361702,0.25,0.1875,0.43333333333333335,0.23595505617977527,0.12307692307692308,0.3815789473684211,0.3076923076923077,0.3157894736842105,0.5142857142857142,0.3669724770642202,0.25,0.5638297872340425,0.5,0.40625,0.9666666666666667,0.34831460674157305,0.23076923076923078
Tyler Stephenson,663886,0.18556701030927836,0.0,0.2,0.058823529411764705,0.35294117647058826,0.2777777777777778,0.29310344827586204,0.3,0.2,0.15789473684210525,0.4375,0.30357142857142855,0.41237113402061853,0.0,0.4,0.058823529411764705,0.6029411764705882,0.48148148148148145
Jake Mangum,663968,0.29411764705882354,0.17391304347826086,0.39473684210526316,0.5,0.2727272727272727,0.23333333333333334,0.3684210526315789,0.17391304347826086,0.39473684210526316,0.5217391304347826,0.3142857142857143,0.25396825396825395,0.38235294117647056,0.2608695652173913,0.5,0.7272727272727273,0.2878787878787879,0.3333333333333333
Ian Happ,664023,0.2,0.45454545454545453,0.2962962962962963,0.2391304347826087,0.375,0.13333333333333333,0.3318777292576419,0.52,0.3770491803278688,0.3137254901960784,0.5205479452054794,0.16666666666666666,0.32432432432432434,0.7272727272727273,0.5555555555555556,0.41304347826086957,0.8035714285714286,0.32
Ty France,664034,0.3274336283185841,0.3076923076923077,0.21875,0.225,0.30927835051546393,0.2222222222222222,0.4108527131782946,0.35714285714285715,0.2647058823529412,0.29545454545454547,0.38392857142857145,0.23170731707317074,0.4336283185840708,0.5384615384615384,0.40625,0.275,0.3711340206185567,0.38271604938271603
Brandon Lowe,664040,0.2706766917293233,0.21212121212121213,0.22857142857142856,0.3055555555555556,0.28378378378378377,0.17073170731707318,0.35947712418300654,0.2972972972972973,0.24324324324324326,0.375,0.32926829268292684,0.19767441860465115,0.5488721804511278,0.21212121212121213,0.5142857142857142,0.5833333333333334,0.5540540540540541,0.2682926829268293
Harrison Bader,664056,0.23404255319148937,0.38461538461538464,0.14285714285714285,0.36666666666666664,0.4375,0.24324324324324326,0.3433734939759036,0.42857142857142855,0.2727272727272727,0.42424242424242425,0.4827586206896552,0.30120481927710846,0.3829787234042553,0.6923076923076923,0.25,0.4666666666666667,0.6,0.5405405405405406
Alec Bohm,664761,0.3395061728395062,0.25,0.3235294117647059,0.3793103448275862,0.23157894736842105,0.23529411764705882,0.3785310734463277,0.25,0.35135135135135137,0.4375,0.2815533980582524,0.2826086956521739,0.4444444444444444,0.625,0.38235294117647056,0.6206896551724138,0.3894736842105263,0.3176470588235294
Jake McCarthy,664983,0.2876712328767123,0.2727272727272727,0.03333333333333333,0.21428571428571427,0.2702702702702703,0.12,0.32051282051282054,0.2727272727272727,0.06451612903225806,0.3125,0.3076923076923077,0.18518518518518517,0.4931506849315068,0.5454545454545454,0.03333333333333333,0.6428571428571429,0.35135135135135137,0.2
Fernando Tatis Jr.,665487,0.3068181818181818,0.2,0.21621621621621623,0.2926829268292683,0.3828125,0.19607843137254902,0.39408866995073893,0.2727272727272727,0.2926829268292683,0.3409090909090909,0.4838709677419355,0.32231404958677684,0.5454545454545454,0.25,0.35135135135135137,0.4878048780487805,0.53125,0.35294117647058826
Leody Taveras,665750,0.22666666666666666,0.10526315789473684,0.08333333333333333,0.25,0.3157894736842105,0.2857142857142857,0.2564102564102564,0.14285714285714285,0.15384615384615385,0.25,0.4090909090909091,0.2857142857142857,0.30666666666666664,0.10526315789473684,0.08333333333333333,0.3125,0.47368421052631576,0.42857142857142855
Miguel Amaya,665804,0.3888888888888889,0.0,0.42857142857142855,0.0,0.4,0.23529411764705882,0.45454545454545453,0.0,0.42857142857142855,0.0,0.4,0.23529411764705882,0.8333333333333334,0.0,1.0,0.0,0.7,0.35294117647058826
Oneil Cruz,665833,0.1875,0.3333333333333333,0.13559322033898305,0.28125,0.2875,0.11842105263157894,0.30303030303030304,0.38461538461538464,0.19696969696969696,0.425,0.40816326530612246,0.20238095238095238,0.4375,0.4166666666666667,0.2711864406779661,0.5,0.425,0.27631578947368424
Enmanuel Valdez,665839,0.22857142857142856,0.16666666666666666,0.1111111111111111,0.25,0.14285714285714285,0.25,0.4,0.16666666666666666,0.1111111111111111,0.25,0.29411764705882354,0.4,0.4,0.16666666666666666,0.1111111111111111,0.625,0.14285714285714285,0.5
Josh Lowe,666139,0.22549019607843138,0.16666666666666666,0.2727272727272727,0.22857142857142856,0.25,0.16901408450704225,0.31932773109243695,0.16666666666666666,0.28888888888888886,0.3076923076923077,0.3157894736842105,0.20270270270270271,0.45098039215686275,0.2777777777777778,0.5227272727272727,0.45714285714285713,0.36538461538461536,0.19718309859154928
Tyler Fitzgerald,666149,0.22535211267605634,0.0,0.14285714285714285,0.3333333333333333,0.32432432432432434,0.19047619047619047,0.2857142857142857,0.0,0.2,0.42857142857142855,0.375,0.2553191489361702,0.38028169014084506,0.0,0.14285714285714285,0.7777777777777778,0.5405405405405406,0.30952380952380953
Gavin Lux,666158,0.348993288590604,0.30434782608695654,0.2222222222222222,0.2,0.30985915492957744,0.21621621621621623,0.4367816091954023,0.36,0.2631578947368421,0.3488372093023256,0.3950617283950617,0.30120481927710846,0.5369127516778524,0.391304347826087,0.3333333333333333,0.37142857142857144,0.39436619718309857,0.25675675675675674
Mickey Moniak,666160,0.3082191780821918,0.2608695652173913,0.29411764705882354,0.2857142857142857,0.29545454545454547,0.14925373134328357,0.3503184713375796,0.2608695652173913,0.3333333333333333,0.32432432432432434,0.38,0.17142857142857143,0.6164383561643836,0.5217391304347826,0.47058823529411764,0.6857142857142857,0.38636363636363635,0.2835820895522388
Jo Adell,666176,0.2388888888888889,0.21428571428571427,0.14285714285714285,0.1891891891891892,0.2636363636363636,0.2727272727272727,0.29591836734693877,0.35294117647058826,0.1891891891891892,0.3181818181818182,0.325,0.30434782608695654,0.4888888888888889,0.5,0.42857142857142855,0.5405405405405406,0.38181818181818183,0.6590909090909091
Will Benson,666181,0.20168067226890757,0.0,0.23076923076923078,0.3157894736842105,0.23529411764705882,0.36,0.24806201550387597,0.0,0.2857142857142857,0.36363636363636365,0.3,0.41379310344827586,0.42857142857142855,0.0,0.46153846153846156,0.7368421052631579,0.29411764705882354,0.64
Bo Naylor,666310,0.21875,0.3333333333333333,0.21739130434782608,0.25925925925925924,0.24444444444444444,0.16666666666666666,0.31543624161073824,0.36363636363636365,0.28,0.36363636363636365,0.32075471698113206,0.2857142857142857,0.46875,0.47619047619047616,0.34782608695652173,0.5185185185185185,0.5333333333333333,0.3333333333333333
Adolis Garcia,666969,0.23979591836734693,0.16666666666666666,0.2413793103448276,0.1935483870967742,0.27848101265822783,0.21794871794871795,0.30275229357798167,0.21052631578947367,0.30303030303030304,0.21212121212121213,0.313953488372093,0.24691358024691357,0.41836734693877553,0.3888888888888889,0.4482758620689655,0.3548387096774194,0.45569620253164556,0.358974358974359
Lourdes Gurriel,666971,0.25280898876404495,0.2,0.21739130434782608,0.18181818181818182,0.2962962962962963,0.22988505747126436,0.315,0.2,0.3076923076923077,0.2,0.32558139534883723,0.2872340425531915,0.42696629213483145,0.2,0.34782608695652173,0.2727272727272727,0.48148148148148145,0.367816091954023
Brent Rooker,667670,0.25287356321839083,0.25,0.24242424242424243,0.36666666666666664,0.2866666666666667,0.2621359223300971,0.3299492385786802,0.34782608695652173,0.3055555555555556,0.4444444444444444,0.33540372670807456,0.32142857142857145,0.4827586206896552,0.55,0.42424242424242425,0.9333333333333333,0.38666666666666666,0.5242718446601942
J.J. Bleday,668709,0.26436781609195403,0.0,0.2,0.2962962962962963,0.23076923076923078,0.2608695652173913,0.3564356435643564,0.041666666666666664,0.3333333333333333,0.3870967741935484,0.3333333333333333,0.3333333333333333,0.4942528735632184,0.0,0.6,0.6666666666666666,0.46153846153846156,0.5217391304347826
Spencer Steer,668715,0.2356687898089172,0.2777777777777778,0.21621621621621623,0.2222222222222222,0.22857142857142856,0.25842696629213485,0.329608938547486,0.2777777777777778,0.2926829268292683,0.3333333333333333,0.2966101694915254,0.30526315789473685,0.39490445859872614,0.4444444444444444,0.3783783783783784,0.5,0.3142857142857143,0.5168539325842697
Andrew Knizner,668800,0.20689655172413793,0.0,0.14285714285714285,0.25,0.23076923076923078,0.25,0.34285714285714286,0.0,0.14285714285714285,0.3333333333333333,0.3333333333333333,0.3076923076923077,0.3103448275862069,0.0,0.14285714285714285,0.25,0.23076923076923078,0.5
Bryan Reynolds,668804,0.2824858757062147,0.1,0.1506849315068493,0.38636363636363635,0.2753623188405797,0.18181818181818182,0.3435897435897436,0.25,0.17333333333333334,0.509090909090909,0.3780487804878049,0.23958333333333334,0.4463276836158192,0.15,0.2328767123287671,0.4772727272727273,0.4492753623188406,0.3409090909090909
Royce Lewis,668904,0.19827586206896552,0.35714285714285715,0.3076923076923077,0.16,0.32727272727272727,0.32727272727272727,0.27692307692307694,0.4,0.35714285714285715,0.2222222222222222,0.36666666666666664,0.32727272727272727,0.35344827586206895,0.35714285714285715,0.5384615384615384,0.24,0.45454545454545453,0.6909090909090909
Brice Turang,668930,0.31137724550898205,0.1111111111111111,0.24324324324324326,0.5454545454545454,0.3132530120481928,0.24210526315789474,0.41414141414141414,0.15789473684210525,0.3,0.5625,0.41237113402061853,0.32407407407407407,0.49101796407185627,0.1388888888888889,0.24324324324324326,0.9772727272727273,0.40963855421686746,0.3473684210526316
Josh Rojas,668942,0.21052631578947367,0.125,0.25,0.23529411764705882,0.12195121951219512,0.17647058823529413,0.30337078651685395,0.125,0.25,0.2777777777777778,0.23404255319148937,0.17647058823529413,0.35526315789473684,0.125,0.25,0.23529411764705882,0.17073170731707318,0.23529411764705882
Ryan Kreidler,668952,0.29411764705882354,0.0,,0.0,0.09090909090909091,0.3333333333333333,0.4782608695652174,0.0,,0.1111111111111111,0.23076923076923078,0.45454545454545453,0.5882352941176471,0.0,,0.0,0.2727272727272727,0.3333333333333333
Brandon Marsh,669016,0.2463768115942029,0.3333333333333333,0.3103448275862069,0.23333333333333334,0.26153846153846155,0.25,0.35403726708074534,0.35294117647058826,0.36363636363636365,0.30303030303030304,0.3424657534246575,0.28125,0.35507246376811596,0.4666666666666667,0.3793103448275862,0.43333333333333335,0.4461538461538462,0.3333333333333333
Shea Langeliers,669127,0.24647887323943662,0.3333333333333333,0.17857142857142858,0.3939393939393939,0.34782608695652173,0.2261904761904762,0.3270440251572327,0.4,0.1724137931034483,0.3888888888888889,0.3939393939393939,0.27956989247311825,0.5633802816901409,0.7777777777777778,0.2857142857142857,0.7878787878787878,0.6847826086956522,0.47619047619047616
Sean Murphy,669221,0.18666666666666668,0.125,0.14285714285714285,0.13636363636363635,0.3,0.17391304347826086,0.3404255319148936,0.125,0.21739130434782608,0.2,0.4246575342465753,0.22448979591836735,0.38666666666666666,0.125,0.23809523809523808,0.4090909090909091,0.45,0.45652173913043476
Austin Wells,669224,0.25190839694656486,0.125,0.25,0.2727272727272727,0.35384615384615387,0.12857142857142856,0.30666666666666664,0.16,0.3,0.36585365853658536,0.4084507042253521,0.20512820512820512,0.5572519083969466,0.2916666666666667,0.39285714285714285,0.5454545454545454,0.6153846153846154,0.32857142857142857
Jeremiah Jackson,669236,0.225,0.0,0.45454545454545453,0.35714285714285715,0.24242424242424243,0.34375,0.3404255319148936,0.25,0.45454545454545453,0.4,0.2857142857142857,0.36363636363636365,0.4,0.0,0.5454545454545454,0.6428571428571429,0.36363636363636365,0.5625
Bryce Teodosio,669326,0.19642857142857142,0.0,0.42857142857142855,0.08333333333333333,0.3333333333333333,0.19230769230769232,0.23333333333333334,0.0,0.4444444444444444,0.08333333333333333,0.47368421052631576,0.19230769230769232,0.30357142857142855,0.0,0.5714285714285714,0.25,0.4666666666666667,0.3076923076923077
Nolan Gorman,669357,0.21212121212121213,0.1875,0.25925925925925924,0.19230769230769232,0.3333333333333333,0.15873015873015872,0.3181818181818182,0.1875,0.2857142857142857,0.23333333333333334,0.45,0.2318840579710145,0.3787878787878788,0.1875,0.4074074074074074,0.38461538461538464,0.6666666666666666,0.3492063492063492
Bryce Johnson,669369,0.15384615384615385,0.5,0.2727272727272727,0.2,0.5,0.36363636363636365,0.15384615384615385,0.5,0.2727272727272727,0.42857142857142855,0.55,0.38461538461538464,0.15384615384615385,0.5,0.2727272727272727,0.4,0.6111111111111112,0.45454545454545453
Jake Burger,669394,0.16666666666666666,0.21428571428571427,0.23809523809523808,0.36,0.2558139534883721,0.20833333333333334,0.20224719101123595,0.21428571428571427,0.23809523809523808,0.4482758620689655,0.3191489361702128,0.24,0.36904761904761907,0.35714285714285715,0.2857142857142857,0.72,0.43023255813953487,0.3055555555555556
Nick Allen,669397,0.24528301886792453,0.14285714285714285,0.07407407407407407,0.2916666666666667,0.23711340206185566,0.22807017543859648,0.34146341463414637,0.14285714285714285,0.07142857142857142,0.34615384615384615,0.32727272727272727,0.26666666666666666,0.2641509433962264,0.2857142857142857,0.1111111111111111,0.3333333333333333,0.27835051546391754,0.24561403508771928
Casey Schmitt,669477,0.26262626262626265,0.18181818181818182,0.24,0.29411764705882354,0.34615384615384615,0.14035087719298245,0.32727272727272727,0.18181818181818182,0.32142857142857145,0.3684210526315789,0.4098360655737705,0.21875,0.5050505050505051,0.45454545454545453,0.44,0.4117647058823529,0.4423076923076923,0.24561403508771928
Austin Hays,669720,0.31958762886597936,0.16666666666666666,0.19230769230769232,0.21428571428571427,0.33783783783783783,0.225,0.37383177570093457,0.16666666666666666,0.23333333333333334,0.28125,0.36363636363636365,0.2967032967032967,0.6907216494845361,0.25,0.3076923076923077,0.35714285714285715,0.5945945945945946,0.3625
Michael Toglia,669911,0.16666666666666666,0.0,0.1724137931034483,0.44,0.3181818181818182,0.15789473684210525,0.2214765100671141,0.06666666666666667,0.2,0.5172413793103449,0.42857142857142855,0.23809523809523808,0.2318840579710145,0.0,0.41379310344827586,0.96,0.6363636363636364,0.5
Matt Wallner,670242,0.19718309859154928,0.05263157894736842,0.16129032258064516,0.4,0.09523809523809523,0.2702702702702703,0.29878048780487804,0.21739130434782608,0.2571428571428571,0.5,0.2692307692307692,0.4,0.43661971830985913,0.21052631578947367,0.3548387096774194,0.84,0.2857142857142857,0.8108108108108109
Taylor Walls,670764,0.18867924528301888,0.3157894736842105,0.3076923076923077,0.23333333333333334,0.23404255319148937,0.23076923076923078,0.2413793103448276,0.3157894736842105,0.4,0.2857142857142857,0.32727272727272727,0.3225806451612903,0.25471698113207547,0.5263157894736842,0.6153846153846154,0.3333333333333333,0.3191489361702128,0.3076923076923077
TJ Friedl,670770,0.27927927927927926,0.14814814814814814,0.175,0.22857142857142856,0.2982456140350877,0.30985915492957744,0.4052044609665427,0.17857142857142858,0.30612244897959184,0.37777777777777777,0.4,0.39285714285714285,0.38738738738738737,0.18518518518518517,0.45,0.45714285714285713,0.37719298245614036,0.4788732394366197
Ivan Herrera,671056,0.25196850393700787,0.3,0.3333333333333333,0.4090909090909091,0.34444444444444444,0.25757575757575757,0.36,0.3333333333333333,0.3902439024390244,0.5185185185185185,0.42718446601941745,0.35526315789473684,0.4251968503937008,0.6,0.4444444444444444,0.8636363636363636,0.4888888888888889,0.5
Heliot Ramos,671218,0.25146198830409355,0.0,0.28846153846153844,0.23076923076923078,0.34210526315789475,0.20967741935483872,0.355,0.3076923076923077,0.3148148148148148,0.2857142857142857,0.44525547445255476,0.24242424242424243,0.391812865497076,0.0,0.4230769230769231,0.4358974358974359,0.4649122807017544,0.29838709677419356
Tyler Freeman,671289,0.33076923076923076,0.14285714285714285,0.3333333333333333,0.21739130434782608,0.29,0.16666666666666666,0.41830065359477125,0.14285714285714285,0.3684210526315789,0.35714285714285715,0.37168141592920356,0.22784810126582278,0.4,0.2857142857142857,0.5555555555555556,0.2608695652173913,0.38,0.2222222222222222
Lawrence Butler,671732,0.24120603015075376,0.2857142857142857,0.2608695652173913,0.175,0.3132530120481928,0.24074074074074073,0.3288888888888889,0.3333333333333333,0.34615384615384615,0.21428571428571427,0.3595505617977528,0.3492063492063492,0.4120603015075377,0.32142857142857145,0.34782608695652173,0.4,0.5542168674698795,0.46296296296296297
Michael Harris II,671739,0.24503311258278146,0.1891891891891892,0.35185185185185186,0.4117647058823529,0.211864406779661,0.2087912087912088,0.27044025157232704,0.21052631578947367,0.3508771929824561,0.4117647058823529,0.25196850393700787,0.22340425531914893,0.4503311258278146,0.2702702702702703,0.5925925925925926,0.8235294117647058,0.2457627118644068,0.4065934065934066
Patrick Bailey,672275,0.23703703703703705,0.125,0.16279069767441862,0.36,0.25,0.22,0.3225806451612903,0.16,0.1956521739130435,0.4074074074074074,0.3181818181818182,0.23529411764705882,0.35555555555555557,0.16666666666666666,0.23255813953488372,0.56,0.425,0.26
Gabriel Arias,672356,0.15942028985507245,0.125,0.21739130434782608,0.4,0.26582278481012656,0.21875,0.2236842105263158,0.125,0.21739130434782608,0.46153846153846156,0.3626373626373626,0.23529411764705882,0.32608695652173914,0.125,0.5652173913043478,0.6857142857142857,0.3291139240506329,0.3125
Gabriel Moreno,672515,0.2696629213483146,0.11764705882352941,0.28,0.26666666666666666,0.39655172413793105,0.2222222222222222,0.36893203883495146,0.11764705882352941,0.2857142857142857,0.35294117647058826,0.4696969696969697,0.2553191489361702,0.48314606741573035,0.35294117647058826,0.44,0.5333333333333333,0.41379310344827586,0.37777777777777777
Gustavo Campero,672569,0.3333333333333333,0.125,0.0,0.0,0.0,0.25,0.44,0.125,0.0,0.0,0.42857142857142855,0.3333333333333333,0.7619047619047619,0.125,0.0,0.0,0.0,0.375
Geraldo Perdomo,672695,0.28448275862068967,0.2,0.23529411764705882,0.3,0.35714285714285715,0.3291139240506329,0.3914590747330961,0.22580645161290322,0.3220338983050847,0.4166666666666667,0.46,0.42105263157894735,0.4525862068965517,0.4,0.3333333333333333,0.55,0.5595238095238095,0.4936708860759494
Oswald Peraza,672724,0.13114754098360656,0.2857142857142857,0.125,0.09090909090909091,0.2028985507246377,0.18604651162790697,0.273972602739726,0.375,0.17647058823529413,0.1891891891891892,0.25675675675675674,0.18604651162790697,0.18032786885245902,0.5714285714285714,0.125,0.12121212121212122,0.2753623188405797,0.37209302325581395
Lenyn Sosa,672820,0.23648648648648649,0.21428571428571427,0.2972972972972973,0.3055555555555556,0.3047619047619048,0.23863636363636365,0.27848101265822783,0.26666666666666666,0.3333333333333333,0.325,0.34234234234234234,0.26373626373626374,0.44594594594594594,0.21428571428571427,0.40540540540540543,0.4722222222222222,0.44761904761904764,0.3977272727272727
Ha-Seong Kim,673490,0.18333333333333332,0.2,0.5714285714285714,0.42857142857142855,0.25925925925925924,0.23333333333333334,0.2647058823529412,0.2,0.625,0.5,0.3939393939393939,0.28125,0.3333333333333333,0.2,0.7142857142857143,0.8571428571428571,0.4444444444444444,0.23333333333333334
Seiya Suzuki,673548,0.22602739726027396,0.4166666666666667,0.1951219512195122,0.29411764705882354,0.28448275862068967,0.20689655172413793,0.3235294117647059,0.5333333333333333,0.30612244897959184,0.38461538461538464,0.366412213740458,0.265625,0.4931506849315068,1.0,0.36585365853658536,0.47058823529411764,0.5258620689655172,0.3448275862068966
Josh Jung,673962,0.216,0.29411764705882354,0.3793103448275862,0.22580645161290322,0.29464285714285715,0.25925925925925924,0.3,0.29411764705882354,0.3793103448275862,0.3142857142857143,0.33613445378151263,0.3103448275862069,0.352,0.7058823529411765,0.4482758620689655,0.45161290322580644,0.45535714285714285,0.35802469135802467
Jonny Deluca,676356,0.2857142857142857,0.0,0.0,0.16666666666666666,0.5384615384615384,0.4375,0.3333333333333333,0.0,0.0,0.16666666666666666,0.5714285714285714,0.47058823529411764,0.5714285714285714,0.0,0.0,0.16666666666666666,0.7692307692307693,0.4375
Alec Burleson,676475,0.2909090909090909,0.3793103448275862,0.25,0.24444444444444444,0.28735632183908044,0.3064516129032258,0.34444444444444444,0.4,0.3142857142857143,0.2916666666666667,0.34375,0.38028169014084506,0.5333333333333333,0.4482758620689655,0.40625,0.4,0.40229885057471265,0.5645161290322581
Blaze Alexander,677942,0.1746031746031746,0.25,0.25,0.47058823529411764,0.19444444444444445,0.1951219512195122,0.3157894736842105,0.25,0.3333333333333333,0.5263157894736842,0.35555555555555557,0.22727272727272727,0.47619047619047616,0.3333333333333333,0.3125,0.5882352941176471,0.25,0.2682926829268293
Alek Thomas,677950,0.23728813559322035,0.1724137931034483,0.17647058823529413,0.41935483870967744,0.29508196721311475,0.22058823529411764,0.3007518796992481,0.22580645161290322,0.17647058823529413,0.4411764705882353,0.328125,0.28378378378378377,0.4322033898305085,0.20689655172413793,0.21568627450980393,0.5806451612903226,0.3770491803278688,0.2647058823529412
Miguel Vargas,678246,0.2247191011235955,0.25,0.14705882352941177,0.2619047619047619,0.2692307692307692,0.2894736842105263,0.3333333333333333,0.4,0.16666666666666666,0.3673469387755102,0.3559322033898305,0.32098765432098764,0.4550561797752809,0.25,0.17647058823529413,0.38095238095238093,0.4230769230769231,0.4868421052631579
Ezequiel Tovar,678662,0.21621621621621623,0.14285714285714285,0.32,0.375,0.2711864406779661,0.26881720430107525,0.2926829268292683,0.3333333333333333,0.37037037037037035,0.4230769230769231,0.3064516129032258,0.28125,0.36936936936936937,0.2857142857142857,0.44,0.4166666666666667,0.4067796610169492,0.43010752688172044
Spencer Torkelson,679529,0.3067484662576687,0.13043478260869565,0.25,0.2,0.2627118644067797,0.23469387755102042,0.40414507772020725,0.2,0.3125,0.32075471698113206,0.38028169014084506,0.27884615384615385,0.6134969325153374,0.2608695652173913,0.5,0.28888888888888886,0.4491525423728814,0.42857142857142855
Matt McLain,680574,0.2302158273381295,0.05263157894736842,0.15217391304347827,0.43478260869565216,0.2523364485981308,0.19834710743801653,0.3609467455621302,0.05263157894736842,0.20408163265306123,0.4583333333333333,0.37209302325581395,0.23015873015873015,0.4460431654676259,0.10526315789473684,0.17391304347826086,0.6086956521739131,0.3644859813084112,0.30578512396694213
Adrian Del Castillo,680728,0.21428571428571427,0.25,0.2,0.4666666666666667,0.14285714285714285,0.13333333333333333,0.2542372881355932,0.4,0.18181818181818182,0.4666666666666667,0.4,0.125,0.30357142857142855,0.25,0.6,0.6666666666666666,0.14285714285714285,0.3333333333333333
Steven Kwan,680757,0.25098039215686274,0.16,0.34782608695652173,0.25,0.33070866141732286,0.21951219512195122,0.3275862068965517,0.16,0.4230769230769231,0.34,0.39436619718309857,0.2261904761904762,0.3568627450980392,0.2,0.6521739130434783,0.36363636363636365,0.4409448818897638,0.2682926829268293
Ryan Jeffers,680777,0.30714285714285716,0.16666666666666666,0.25,0.2692307692307692,0.25773195876288657,0.21875,0.389937106918239,0.23076923076923078,0.3333333333333333,0.3870967741935484,0.3302752293577982,0.3150684931506849,0.4357142857142857,0.16666666666666666,0.5,0.3076923076923077,0.4020618556701031,0.34375
Henry Davis,680779,0.1702127659574468,0.0,0.1875,0.15384615384615385,0.24444444444444444,0.14035087719298245,0.23529411764705882,0.0,0.2631578947368421,0.26666666666666666,0.35185185185185186,0.1935483870967742,0.30851063829787234,0.0,0.375,0.15384615384615385,0.3333333333333333,0.3333333333333333
Brendan Donovan,680977,0.36486486486486486,0.2777777777777778,0.21621621621621623,0.30952380952380953,0.16666666666666666,0.2608695652173913,0.45348837209302323,0.3157894736842105,0.3023255813953488,0.32558139534883723,0.24770642201834864,0.2876712328767123,0.5337837837837838,0.3333333333333333,0.3783783783783784,0.35714285714285715,0.2604166666666667,0.3188405797101449
Bryson Stott,681082,0.28205128205128205,0.2727272727272727,0.22580645161290322,0.2962962962962963,0.20253164556962025,0.2236842105263158,0.37333333333333335,0.30434782608695654,0.29411764705882354,0.36666666666666664,0.29347826086956524,0.2625,0.5076923076923077,0.2727272727272727,0.25806451612903225,0.5185185185185185,0.22784810126582278,0.42105263157894735
Colton Cowser,681297,0.24509803921568626,0.13333333333333333,0.06666666666666667,0.3181818181818182,0.24,0.14634146341463414,0.33043478260869563,0.16129032258064516,0.2631578947368421,0.34782608695652173,0.3333333333333333,0.20454545454545456,0.5882352941176471,0.26666666666666666,0.26666666666666666,0.6818181818181818,0.38,0.2682926829268293
Brooks Baldwin,681460,0.16279069767441862,0.10526315789473684,0.24,0.39285714285714285,0.36666666666666664,0.2727272727272727,0.24475524475524477,0.15,0.2692307692307692,0.41379310344827586,0.3870967741935484,0.2777777777777778,0.32558139534883723,0.15789473684210525,0.4,0.7142857142857143,0.5,0.48484848484848486
Kerry Carpenter,681481,0.26515151515151514,0.15789473684210525,0.1836734693877551,0.2641509433962264,0.4117647058823529,0.22641509433962265,0.3,0.2727272727272727,0.21568627450980393,0.3157894736842105,0.45454545454545453,0.23214285714285715,0.553030303030303,0.15789473684210525,0.32653061224489793,0.4528301886792453,0.6666666666666666,0.5094339622641509
Daniel Schneemann,682177,0.256,0.3125,0.16666666666666666,0.12,0.23404255319148937,0.2,0.34965034965034963,0.3333333333333333,0.1891891891891892,0.15384615384615385,0.41935483870967744,0.23255813953488372,0.44,0.53125,0.4166666666666667,0.24,0.3617021276595745,0.45
Noelvi Marte,682622,0.24358974358974358,0.2,0.23809523809523808,0.17647058823529413,0.3333333333333333,0.2638888888888889,0.2976190476190476,0.2,0.23809523809523808,0.2222222222222222,0.3835616438356164,0.28,0.47435897435897434,0.3,0.38095238095238093,0.35294117647058826,0.48484848484848486,0.4722222222222222
Warming Bernabel,682653,0.2857142857142857,0.0,0.16666666666666666,0.4,0.18518518518518517,0.3333333333333333,0.3333333333333333,0.0,0.16666666666666666,0.4,0.2413793103448276,0.3333333333333333,0.42857142857142855,0.0,0.16666666666666666,0.7,0.2222222222222222,0.7777777777777778
Angel Martinez,682657,0.24305555555555555,0.21428571428571427,0.15555555555555556,0.19444444444444445,0.24,0.23255813953488372,0.3,0.21428571428571427,0.15555555555555556,0.1891891891891892,0.3448275862068966,0.3125,0.3472222222222222,0.25,0.3111111111111111,0.4166666666666667,0.34,0.5116279069767442
Elly De La Cruz,682829,0.2932692307692308,0.09375,0.23333333333333334,0.3050847457627119,0.35714285714285715,0.2804878048780488,0.3717948717948718,0.19444444444444445,0.28125,0.3387096774193548,0.4782608695652174,0.3103448275862069,0.5625,0.09375,0.38333333333333336,0.4745762711864407,0.5178571428571429,0.3902439024390244
Riley Greene,682985,0.24761904761904763,0.23684210526315788,0.32653061224489793,0.3181818181818182,0.2647058823529412,0.25396825396825395,0.3162393162393162,0.2926829268292683,0.37735849056603776,0.3541666666666667,0.32142857142857145,0.30985915492957744,0.41904761904761906,0.5,0.6122448979591837,0.75,0.4019607843137255,0.6507936507936508
Tyler Locklear,682988,0.20689655172413793,0.0,0.09090909090909091,0.125,0.16666666666666666,0.20689655172413793,0.3611111111111111,0.14285714285714285,0.09090909090909091,0.3,0.16666666666666666,0.25806451612903225,0.20689655172413793,0.0,0.36363636363636365,0.125,0.16666666666666666,0.3103448275862069
Corbin Carroll,682998,0.324468085106383,0.2727272727272727,0.28846153846153844,0.26666666666666666,0.2247191011235955,0.21212121212121213,0.4027777777777778,0.2727272727272727,0.3392857142857143,0.40540540540540543,0.35185185185185186,0.2882882882882883,0.6648936170212766,0.6363636363636364,0.6923076923076923,0.4666666666666667,0.39325842696629215,0.46464646464646464
Gunnar Henderson,683002,0.3333333333333333,0.2,0.06521739130434782,0.21739130434782608,0.3,0.25675675675675674,0.4095744680851064,0.29411764705882354,0.12244897959183673,0.32075471698113206,0.40186915887850466,0.3,0.5393939393939394,0.4,0.1956521739130435,0.30434782608695654,0.34444444444444444,0.43243243243243246
Anthony Volpe,683011,0.21176470588235294,0.125,0.21428571428571427,0.2553191489361702,0.28888888888888886,0.17272727272727273,0.29896907216494845,0.17647058823529413,0.2413793103448276,0.33962264150943394,0.32653061224489793,0.21666666666666667,0.3941176470588235,0.1875,0.35714285714285715,0.5957446808510638,0.5222222222222223,0.3181818181818182
Andrew Vaughn,683734,0.2992125984251969,0.17647058823529413,0.3,0.1891891891891892,0.2,0.265625,0.3767123287671233,0.17647058823529413,0.3333333333333333,0.23076923076923078,0.25287356321839083,0.3088235294117647,0.44881889763779526,0.17647058823529413,0.55,0.3783783783783784,0.3,0.53125
Michael Busch,683737,0.2696629213483146,0.2857142857142857,0.22580645161290322,0.34782608695652173,0.20689655172413793,0.20512820512820512,0.32989690721649484,0.3181818181818182,0.24615384615384617,0.43636363636363634,0.31343283582089554,0.3541666666666667,0.5955056179775281,0.3333333333333333,0.5,0.5434782608695652,0.3275862068965517,0.4358974358974359
Sal Frelick,686217,0.28342245989304815,0.3103448275862069,0.2647058823529412,0.14705882352941177,0.3153153153153153,0.29577464788732394,0.36574074074074076,0.3333333333333333,0.32432432432432434,0.275,0.384,0.3333333333333333,0.43315508021390375,0.5172413793103449,0.29411764705882354,0.17647058823529413,0.3963963963963964,0.4225352112676056
Isaac Collins,686555,0.24390243902439024,0.22727272727272727,0.15,0.55,0.2549019607843137,0.3142857142857143,0.36548223350253806,0.22727272727272727,0.37037037037037035,0.6086956521739131,0.3389830508474576,0.40476190476190477,0.29878048780487804,0.3181818181818182,0.4,0.95,0.39215686274509803,0.6
Brenton Doyle,686668,0.21666666666666667,0.21428571428571427,0.21428571428571427,0.06896551724137931,0.28421052631578947,0.2222222222222222,0.2604166666666667,0.21428571428571427,0.20689655172413793,0.12903225806451613,0.33980582524271846,0.2818181818181818,0.3888888888888889,0.42857142857142855,0.39285714285714285,0.06896551724137931,0.3684210526315789,0.37373737373737376
Pedro Pages,686780,0.2087912087912088,0.25,0.14814814814814814,0.40625,0.2727272727272727,0.2033898305084746,0.24742268041237114,0.25,0.2,0.4411764705882353,0.3488372093023256,0.2,0.27472527472527475,0.75,0.4074074074074074,0.625,0.37662337662337664,0.423728813559322
Zach Neto,687263,0.2246376811594203,0.2,0.2916666666666667,0.3333333333333333,0.30927835051546393,0.26881720430107525,0.2847682119205298,0.23809523809523808,0.32,0.37209302325581395,0.3963963963963964,0.29591836734693877,0.5289855072463768,0.25,0.3333333333333333,0.7435897435897436,0.4742268041237113,0.46236559139784944
Victor Scott,687363,0.2595419847328244,0.17647058823529413,0.125,0.2647058823529412,0.21428571428571427,0.18421052631578946,0.36942675159235666,0.17647058823529413,0.2553191489361702,0.3157894736842105,0.3373493975903614,0.2345679012345679,0.3969465648854962,0.17647058823529413,0.15,0.4117647058823529,0.24285714285714285,0.2894736842105263
Drew Gilbert,687551,0.23529411764705882,0.3333333333333333,0.15789473684210525,0.0,0.25,0.16666666666666666,0.35,0.3333333333333333,0.15789473684210525,0.0,0.35714285714285715,0.16666666666666666,0.5,1.0,0.2631578947368421,0.0,0.3333333333333333,0.3333333333333333
Jordan Beck,687597,0.2893081761006289,0.2727272727272727,0.14285714285714285,0.3333333333333333,0.33,0.1984126984126984,0.3756906077348066,0.38461538461538464,0.21052631578947367,0.4358974358974359,0.3853211009174312,0.22900763358778625,0.5031446540880503,0.36363636363636365,0.2571428571428571,0.6060606060606061,0.42,0.29365079365079366
Dylan Beavers,687637,0.29545454545454547,0.0,0.0,0.2857142857142857,0.26666666666666666,0.0,0.44642857142857145,0.0,0.14285714285714285,0.4444444444444444,0.3888888888888889,0.375,0.5,0.0,0.0,0.7142857142857143,0.4666666666666667,0.0
Dustin Harris,687957,0.20833333333333334,0.0,0.2857142857142857,0.0,0.375,0.18181818181818182,0.24,0.0,0.2857142857142857,0.0,0.4444444444444444,0.25,0.2916666666666667,0.0,0.2857142857142857,0.0,0.875,0.45454545454545453
Ryan Ritter,690022,0.25,0.0,0.18181818181818182,0.3125,0.1794871794871795,0.24489795918367346,0.34545454545454546,0.0,0.18181818181818182,0.35294117647058826,0.28888888888888886,0.27450980392156865,0.2916666666666667,0.0,0.18181818181818182,0.75,0.20512820512820512,0.3673469387755102
Colt Keith,690993,0.2727272727272727,0.13793103448275862,0.2413793103448276,0.38636363636363635,0.3684210526315789,0.1590909090909091,0.3430232558139535,0.21875,0.26666666666666666,0.46153846153846156,0.45454545454545453,0.24489795918367346,0.4805194805194805,0.2413793103448276,0.3448275862068966,0.5454545454545454,0.45614035087719296,0.29545454545454547
Tyler Soderstrom,691016,0.2857142857142857,0.2571428571428571,0.2765957446808511,0.2926829268292683,0.3157894736842105,0.25925925925925924,0.3624161073825503,0.3157894736842105,0.34615384615384615,0.42,0.37142857142857144,0.3103448275862069,0.48120300751879697,0.34285714285714286,0.48936170212765956,0.4146341463414634,0.4631578947368421,0.5185185185185185
Kyle Teel,691019,0.3333333333333333,0.16666666666666666,0.2,0.36363636363636365,0.23529411764705882,0.23076923076923078,0.4672897196261682,0.21052631578947367,0.25,0.5625,0.38095238095238093,0.2857142857142857,0.5119047619047619,0.16666666666666666,0.2,0.9090909090909091,0.3235294117647059,0.3333333333333333
Masyn Winn,691026,0.23870967741935484,0.3333333333333333,0.10344827586206896,0.23333333333333334,0.26136363636363635,0.2553191489361702,0.3388888888888889,0.3333333333333333,0.18181818181818182,0.2727272727272727,0.3157894736842105,0.2857142857142857,0.3548387096774194,0.3333333333333333,0.13793103448275862,0.4,0.4090909090909091,0.3404255319148936
Jasson Dominguez,691176,0.22123893805309736,0.30434782608695654,0.358974358974359,0.3783783783783784,0.2619047619047619,0.25862068965517243,0.3125,0.3333333333333333,0.3902439024390244,0.5,0.2916666666666667,0.3484848484848485,0.30973451327433627,0.34782608695652173,0.6666666666666666,0.5135135135135135,0.47619047619047616,0.4482758620689655
Junior Caminero,691406,0.2835820895522388,0.2,0.20512820512820512,0.19047619047619047,0.291044776119403,0.2840909090909091,0.3194444444444444,0.3142857142857143,0.24390243902439024,0.28,0.3493150684931507,0.3229166666666667,0.746268656716418,0.3,0.5384615384615384,0.35714285714285715,0.5149253731343284,0.5568181818181818
Pete Crow-Armstrong,691718,0.18292682926829268,0.09375,0.34375,0.3333333333333333,0.23809523809523808,0.23863636363636365,0.2303370786516854,0.12121212121212122,0.3484848484848485,0.4090909090909091,0.3194444444444444,0.28,0.42073170731707316,0.09375,0.75,0.8461538461538461,0.4603174603174603,0.4431818181818182
Kyle Karros,691720,0.18181818181818182,0.0,0.08333333333333333,0.15384615384615385,0.38235294117647056,0.25,0.3076923076923077,0.5,0.15384615384615385,0.21428571428571427,0.4166666666666667,0.32142857142857145,0.21212121212121213,0.0,0.08333333333333333,0.23076923076923078,0.4117647058823529,0.3333333333333333
Coby Mayo,691723,0.18823529411764706,0.42857142857142855,0.3125,0.3333333333333333,0.26666666666666666,0.13725490196078433,0.31,0.42857142857142855,0.35294117647058826,0.3793103448275862,0.3584905660377358,0.16981132075471697,0.3176470588235294,0.8571428571428571,0.5625,0.5555555555555556,0.4888888888888889,0.17647058823529413
Jordan Lawlar,691783,0.30434782608695654,0.0,0.0,0.0,0.38461538461538464,0.4,0.36,0.0,0.0,0.07692307692307693,0.5,0.5,0.5652173913043478,0.0,0.0,0.0,0.6923076923076923,0.5
Dillon Dingler,693307,0.2698412698412698,0.3,0.23684210526315788,0.20689655172413793,0.3670886075949367,0.27906976744186046,0.3333333333333333,0.3,0.275,0.30303030303030304,0.42696629213483145,0.27906976744186046,0.3492063492063492,0.9,0.5263157894736842,0.4482758620689655,0.5822784810126582,0.37209302325581395
Jackson Chourio,694192,0.26666666666666666,0.45,0.23529411764705882,0.21951219512195122,0.2549019607843137,0.2871287128712871,0.33532934131736525,0.42857142857142855,0.22857142857142856,0.2558139534883721,0.2909090909090909,0.32075471698113206,0.4266666666666667,0.8,0.4117647058823529,0.3902439024390244,0.3333333333333333,0.5841584158415841
Samuel Basallo,694212,0.175,0.14285714285714285,0.42857142857142855,0.0,0.1875,0.26666666666666666,0.25,0.14285714285714285,0.5555555555555556,0.0,0.35,0.3125,0.325,0.2857142857142857,1.7142857142857142,0.0,0.3125,0.6
Tim Tawa,694374,0.20408163265306123,0.3333333333333333,0.2857142857142857,0.3125,0.1794871794871795,0.14583333333333334,0.32786885245901637,0.42857142857142855,0.3333333333333333,0.45,0.23255813953488372,0.19607843137254902,0.2857142857142857,0.5,0.35714285714285715,0.5625,0.41025641025641024,0.25
Nolan Schanuel,694384,0.2804878048780488,0.25,0.2,0.30434782608695654,0.2926829268292683,0.2698412698412698,0.4020100502512563,0.25,0.2826086956521739,0.3888888888888889,0.3763440860215054,0.29850746268656714,0.4146341463414634,0.2916666666666667,0.275,0.5,0.45121951219512196,0.3968253968253968
Hunter Goodman,696100,0.23076923076923078,0.2857142857142857,0.2857142857142857,0.27906976744186046,0.3835616438356164,0.2641509433962264,0.28994082840236685,0.3333333333333333,0.3181818181818182,0.3333333333333333,0.4177215189873418,0.30357142857142855,0.46153846153846156,0.5714285714285714,0.5714285714285714,0.4418604651162791,0.6986301369863014,0.4811320754716981
Trey Sweeney,700242,0.20930232558139536,0.15384615384615385,0.1,0.24,0.29545454545454547,0.17073170731707318,0.3577981651376147,0.15384615384615385,0.12903225806451613,0.2962962962962963,0.3404255319148936,0.16666666666666666,0.29069767441860467,0.15384615384615385,0.1,0.24,0.3181818181818182,0.5609756097560976
Ben Rice,700250,0.2389937106918239,0.28,0.25925925925925924,0.34210526315789475,0.3493975903614458,0.2375,0.3277777777777778,0.35714285714285715,0.3103448275862069,0.40476190476190477,0.4105263157894737,0.34408602150537637,0.44654088050314467,0.52,0.5555555555555556,1.0,0.6265060240963856,0.5
Kyle Manzardo,700932,0.2682926829268293,0.2903225806451613,0.28125,0.14705882352941177,0.189873417721519,0.3333333333333333,0.34759358288770054,0.2903225806451613,0.3783783783783784,0.2857142857142857,0.28888888888888886,0.3793103448275862,0.5060975609756098,0.5161290322580645,0.4375,0.4117647058823529,0.35443037974683544,0.7254901960784313
Nick Kurtz,701762,0.3025210084033613,0.23529411764705882,0.21428571428571427,0.3,0.379746835443038,0.3090909090909091,0.4166666666666667,0.2777777777777778,0.35294117647058826,0.4,0.449438202247191,0.38095238095238093,0.7310924369747899,0.4117647058823529,0.5714285714285714,0.6666666666666666,0.620253164556962,0.6181818181818182
Caleb Durbin,702332,0.25170068027210885,0.13333333333333333,0.2692307692307692,0.2894736842105263,0.29906542056074764,0.28169014084507044,0.32335329341317365,0.1875,0.36666666666666664,0.3,0.4094488188976378,0.35802469135802467,0.43537414965986393,0.13333333333333333,0.2692307692307692,0.4473684210526316,0.42990654205607476,0.38028169014084506
Jackson Holliday,702616,0.21428571428571427,0.25,0.2727272727272727,0.16,0.27835051546391754,0.3037974683544304,0.3089005235602094,0.25,0.3333333333333333,0.20754716981132076,0.391304347826087,0.35294117647058826,0.32142857142857145,0.28125,0.4090909090909091,0.34,0.35051546391752575,0.6329113924050633
Chase Meidroth,805367,0.304635761589404,0.3333333333333333,0.3157894736842105,0.2631578947368421,0.24271844660194175,0.2073170731707317,0.4067796610169492,0.42857142857142855,0.3157894736842105,0.3170731707317073,0.3275862068965517,0.26666666666666666,0.3841059602649007,0.3333333333333333,0.5789473684210527,0.2894736842105263,0.32038834951456313,0.23170731707317074
Jacob Wilson,805779,0.3153153153153153,0.38461538461538464,0.16666666666666666,0.3142857142857143,0.2893081761006289,0.34782608695652173,0.3870967741935484,0.35714285714285715,0.23076923076923078,0.3684210526315789,0.32335329341317365,0.3684210526315789,0.4864864864864865,0.46153846153846156,0.25,0.37142857142857144,0.3710691823899371,0.6413043478260869
Bryce Eldridge,805811,0.08333333333333333,0.0,0.3333333333333333,0.0,1.0,0.0,0.26666666666666666,0.0,0.5,0.0,1.0,0.16666666666666666,0.16666666666666666,0.0,0.3333333333333333,0.0,2.0,0.0
Matt Shaw,807713,0.2018348623853211,0.42857142857142855,0.19047619047619047,0.30434782608695654,0.19736842105263158,0.2625,0.2764227642276423,0.42857142857142855,0.25,0.39285714285714285,0.3146067415730337,0.313953488372093,0.3761467889908257,1.7142857142857142,0.23809523809523808,0.5217391304347826,0.25,0.4
Jung Hoo Lee,808982,0.27717391304347827,0.2916666666666667,0.2,0.34285714285714286,0.3333333333333333,0.21212121212121213,0.36666666666666664,0.32,0.22641509433962265,0.425,0.375,0.2876712328767123,0.41847826086956524,0.4583333333333333,0.4,0.5428571428571428,0.4691358024691358,0.3333333333333333
